530866727	interspeech_0	16215	16000.037522111124509925750855	1	15061
75515881	iscas_0	15517	15456.926028834195350181982701	2	21986
-1592982495	icip_0	15121	14731.066774935616404151075963	3	19730
-322710556	icra_0	13691	13864.869494777790530659911225	4	18102
-208891384	icc_0	12453	12475.435353811398884033602108	5	18650
1013144468	globecom_0	10979	11182.801031469873161543686696	6	16394
-1802745912	hicss_0	9696	9696.735667301988134344983116	7	14258
-892279610	igarss_0	9689	10608.507394864034781490860948	8	16100
-1704132016	chi_0	8737	9506.205407146660866351373847	9	13215
-176451029	vtc_0	8309	8649.535779536341983061026936	10	13062
-99425082	icassp_0	8294	8292.705644517782269501757280	11	12439
-786710589	iros_0	7904	8394.747691364049817726911888	12	13094
-195915058	smc_0	7561	7618.4909953858129981870892206	13	13850
-765465938	icpr_0	6968	6829.6721672859593726801406003	14	11370
1234037422	ipps_0	6621	6729.3721307514424034665095321	15	11629
-174288310	wsc_0	6458	6366.0647928052988209912436384	16	8391
1173773799	icmcs_0	6423	6560.2663880490314403460291013	17	11500
-1727921189	hci_0	6322	6364.9900779521376306566012787	18	12417
-211054498	cdc_0	6233	6081.0743043464745720114524382	19	7852
-805460159	aaai_0	5988	5687.6293245802147177307295483	20	8061
-74664634	infocom_0	5894	5956.0216906268870428885066993	21	7808
-204566403	dac_0	5887	6022.4449515055307388160247814	22	9199
69683167	ijcai_0	5635	5160.0504292203053357404251030	23	7369
-1007532543	amcis_0	5482	5268.9686944460910922892834564	24	6982
-735254216	cvpr_0	5229	5187.0888010812156144877429190	25	6600
-204565810	sac_0	5172	5166.9533229083123291021269783	26	10565
1976781542	wcnc_0	5153	5213.6682179107407070918948309	27	9287
1210378579	nips_0	4883	4689.2589099780736489989505594	28	5856
310920651	gecco_0	4840	4690.6722255982192279372186551	29	6026
-331986980	ijcnn_0	4572	4544.8063029532640204041032346	30	8189
73919236	fskd_0	4482	4341.1677002172591710681531503	31	9475
1605839000	gi_0	4349	4015.9333596590690654691589581	32	7020
-925677546	kes_0	4280	4249.3223585485581440967840367	33	7579
-1314629665	iceis_0	4083	4069.2553279579994665711997844	34	7446
79739781	date_0	4065	4287.6022152677594740625209714	35	7476
-176451064	itc_0	4047	4013.0426595159534947489192138	36	5577
-972516817	iccS_0	3891	3948.2591250034192734974621173	37	7937
1641498751	icse_0	3811	3826.5583054759531427244884615	38	5571
-1069457730	pimrc_0	3811	3863.4748748632058648197680131	38	7267
-120073158	miccai_0	3778	4537.7184715308528189680830128	39	7707
787875530	icde_0	3749	3924.3377783063437769365989061	40	6135
-213217186	cec_0	3662	3737.3226388608846944604709371	41	6009
-1835644969	iccsa_0	3554	3608.6930557204872060375138705	42	6998
1605576866	mm_0	3496	3719.5469914926664773914222406	43	6313
-2131206045	acl_0	3489	3191.6790543083503057226600088	44	4163
-748360735	cikm_0	3474	3612.8387430249005119806459863	45	6433
798730049	atal_0	3457	3508.3371961904410522103797314	46	4146
1951604116	isbi_0	3450	3945.1250554194812426423031890	47	7808
-1316563702	coling_0	3287	3028.8156214869014183773352342	48	4493
-19004947	ecis_0	3267	3283.7149729683389079227601079	49	4399
-1916319376	aina_0	3242	3340.1162840222565682097676399	50	6771
-383128914	icpp_0	3239	3094.8523671444482044919554321	51	5093
1976781608	icnc_0	3228	3170.4622831146005785042317456	52	7486
2129683146	cmg_0	3128	2902.5104985915070985526382373	53	2119
817646376	isnn_0	3111	3103.4104030095168639275324753	54	5952
-357008632	lrec_0	3101	3511.5051244221893027232919376	55	5412
-240378149	dagstuhl_0	3081	2851.6850936404047160963570368	56	4975
1430199046	www_0	3072	3326.9562343715939624931934516	57	6397
-1041739738	sigcse_0	3064	3220.0626224477506160569870370	58	4275
-438231619	pdpta_0	3049	2942.8920892057331471925298562	59	5759
627527698	sigmod_0	3042	3261.5316010978445397332664790	60	4599
-1564055530	sigir_0	2999	2949.6582165449720253027969588	61	4019
1969816609	isit_0	2943	2837.0526307836924352118150487	62	2989
562108731	robio_0	2886	3090.8381250691571091119861097	63	6319
1819798403	europar_0	2880	2959.2293099438908507537846113	64	5426
1508675548	focs_0	2830	2615.1185292507572897837932756	65	2345
38815698	iccad_0	2812	2822.2732247392183991433774803	66	4109
-348309520	icalp_0	2804	2579.6062677968770376785816977	67	3139
-1603664863	ifip_0	2796	2381.6600970301665448947358207	68	4121
-809785659	ecai_0	2731	2500.6604480354733096548757415	69	4226
-348309524	icalt_0	2727	2789.7398355867779052320723245	70	4684
-1502339711	fuzzIEEE_0	2723	2692.1041164694396251605757339	71	4564
-1220964357	eccv_0	2699	2656.9604375377391686081308183	72	4377
-19004383	icis_0	2694	2780.9335733058898722666730869	73	3766
445235197	stoc_0	2686	2519.3952913666971148969971061	74	2139
-1561405811	icml_0	2675	2471.6682454563318075012326204	75	3344
-395318699	compsac_0	2674	2621.3912114654294254125467211	76	5029
1605183660	sc_0	2631	2967.6847800115195234410608091	77	6142
1561200388	soda_0	2630	2556.1762740245606037556531244	78	2732
-1977743670	icdm_0	2611	2721.8029932467987409503203058	79	5161
1118462871	aspdac_0	2577	2672.4456041779418028730316781	80	5021
-1220963793	iccv_0	2557	2467.1555346151540071558746717	81	3785
1926453682	iconip_0	2553	2520.8914299980767694117825132	82	4958
-692198212	ieaaie_0	2513	2483.5617637797835560204482405	83	5200
-768866649	vldb_0	2490	2526.7466670377145842361857181	84	3639
1335052344	siggraph_0	2476	2610.8961277847653985598471575	85	4773
-80529434	icann_0	2452	2341.1429931264937837363329429	86	4141
1217266721	icic_0	2435	2424.6061572301603686658971663	87	5114
-883301194	icarcv_0	2320	2326.7576487593562518182299648	88	5149
-1526164945	iscc_0	2295	2300.5440194665472369977737519	89	4881
-1777138079	kdd_0	2286	2404.9101356129031589200472630	90	4108
-968406434	lcn_0	2283	2280.7395637789301303286979616	91	4506
1264913829	vlsid_0	2280	2269.1685772585745398481292949	92	3787
1610557732	icdcs_0	2276	2247.6148323299987358099725861	93	4148
-440439065	dexaw_0	2266	2206.4793181118271672407409252	94	4587
-1545081396	etfa_0	2263	2346.4852290097736414146646371	95	4321
1631429753	bmvc_0	2241	2132.8348553142315189744169126	96	3188
1342777635	icdar_0	2239	2206.5124208641849520794009631	97	3224
643130444	oopsla_0	2220	2324.1628619997674109131278175	98	3462
-576388297	webnet_0	2144	2059.9457755603268495825907222	99	3576
397644335	iccd_0	2143	2143.4419005802928099037572328	100	4309
-1083189519	birthday_0	2119	1872.0931419102400518213252786	101	3077
724597276	ifip12_0	2116	2234.6966899265050482846206010	102	4792
1489342899	mfcs_0	2114	1830.3398608626591922043258601	103	2316
-2090115074	fpl_0	2113	2162.7125963067721748227657016	104	3824
731331786	ictai_0	2081	2021.3679823283310993951464868	105	3933
1606297754	er_0	2015	1933.9265124564530623442063036	106	3151
1993403793	seke_0	2013	2005.0239115283358109304255788	107	3881
1918264070	dagm_0	2011	1867.2714625091089369463016469	108	2767
630117696	otm_0	2009	2058.4581584124286859600507438	109	4044
-899725650	cis_0	2007	1934.2011196005763333345189627	110	4379
1585055434	isda_0	2006	2015.7023194427743275980085465	111	4909
-1846066111	dexa_0	1973	1942.8692185529426971738813542	112	3547
-811582445	afips_0	1955	1846.5383672647514204553112887	113	2945
-1019852592	pacis_0	1937	1893.3478815423818701769402059	114	3021
35218778	icpads_0	1911	1919.5395692705456498264287367	115	4380
-51955738	iwann_0	1875	1813.6317732341545514763053518	116	3430
-1263385008	cscwd_0	1869	1903.1741977391968934234232537	117	3095
1402664362	semweb_0	1825	1952.5220370873432309846860246	118	3038
-391365533	caise_0	1825	1825.5317030898361612055231188	118	3022
721085044	flairs_0	1817	1763.2720458731966239792687599	119	2946
-1723595650	uai_0	1815	1674.9624806290258034559651413	120	1986
269137185	IEEEcit_0	1812	1838.4357197908831380157100992	121	4328
1637858079	siguccs_0	1794	1746.0840579601205786721562737	122	1957
-1688962482	icinco_0	1768	1758.7170096733368506440204592	123	3940
1486256734	iticse_0	1753	1684.9366934166707513867621697	124	2568
-208891779	dcc_0	1716	1589.9019246412875891898892519	125	2289
-1990404841	cbms_0	1714	1862.1846990498361647814554854	126	4291
1811856627	iat_0	1680	1686.9640166511994617774766058	127	3355
1606035622	iv_0	1622	1597.9567941627524800267642687	128	2776
-1996267022	iclp_0	1615	1410.5308532983619911420309281	129	1645
-1343575986	mva_0	1607	1548.3076879776546022705237488	130	3285
-2122151863	ACMse_0	1591	1456.0981445410628399335557136	131	2376
1674004233	csse_0	1583	1518.3553534623638632928450117	132	3798
-1143827921	isca_0	1574	1638.4349246544135126781520275	133	2683
-1985482659	biostec_0	1571	1718.2537460497443898550010419	134	4671
623589429	stacs_0	1570	1431.4794918348648065311500711	135	2010
24270407	ccece_0	1562	1569.5433700933344566539693897	136	3063
1602440899	pakdd_0	1558	1564.7015919690804304679501668	137	3154
1246645032	itng_0	1556	1569.4477140279914258346559453	138	3214
750203695	iih-msp_0	1548	1549.3661529542868603720008804	139	3125
-1122763252	isqed_0	1540	1570.5487569619423635376017201	140	3165
-809785095	icai_0	1519	1450.1699567244286096657062770	141	2828
-357008384	trec_0	1516	1862.1087901814043225324136470	142	2519
-468170791	iwcmc_0	1501	1553.9543173295380861154101401	143	3505
1509266028	bildmed_0	1488	1685.5239689685204741759488841	144	2959
597677903	pcm_0	1482	1522.5249469314143906364618737	145	3317
306595804	icccn_0	1476	1466.4610165682154331991867913	146	3438
1178863585	podc_0	1473	1393.1195219188257798196578175	147	1753
-921352530	ccs_0	1463	1558.7329834824011357746693001	148	2791
597677310	acm_0	1449	1293.3508852695723044891267590	149	2173
236543447	icmlc_0	1442	1459.6667400838768312841885289	150	3055
357840867	isaac_0	1440	1356.2983292442582581322989497	151	2019
-732632626	interact_0	1439	1477.8018963725753822924707032	152	3031
-895225530	percom_0	1430	1481.6161156142887096487609677	153	3276
-1940648439	issac_0	1418	1306.3139555207672743792914602	154	1309
358381088	compgeom_0	1416	1384.3887308003405338164931974	155	1338
262389135	evoW_0	1413	1419.1785863465815838986106167	156	2463
-43829870	esann_0	1405	1317.7870740450961848095740401	157	2209
-1138487871	dasfaa_0	1401	1424.5668896897816802777417108	158	2741
-778208411	icee_0	1392	1221.3590980903379530307191421	159	2716
1914772818	webi_0	1386	1395.4753606226645994281463306	160	2967
-1220964233	accv_0	1385	1374.8588308261662150341711560	161	2924
1526692238	bmei_0	1378	1547.1210460364903030953480257	162	4315
1653057104	isvc_0	1371	1388.6117746681303410315990913	163	3078
-57857952	tools_0	1352	1192.7414174272863803921601660	164	2034
-899725255	his_0	1344	1294.8109898761809764336967241	165	2891
-1520677312	ccgrid_0	1343	1441.8837427529195539655410588	166	3322
1626467269	popl_0	1341	1261.3907125657267825385640509	167	1719
1195342319	clef_0	1340	1486.4464383954914417725964757	168	1807
-1936323529	ausai_0	1339	1298.6377847023933441574208685	169	2353
-918918819	glvlsi_0	1338	1321.6340175303942868425128212	170	2704
601372335	naacl_0	1323	1262.1722122725949884018116362	171	1997
360908331	jcdl_0	1321	1458.7348587013744087100405262	172	2482
-1124120449	icsm_0	1318	1301.1060033180798306422342317	173	2029
1816910533	euromicro_0	1307	1259.0181683191373187653665954	174	2572
-1153234975	pkdd_0	1306	1285.2387305580730301872266668	175	2422
1145755287	islped_0	1301	1307.7050241894822275561160305	176	2568
767856825	cscw_0	1297	1390.4479209076799507102426506	177	2521
-1181803797	icws_0	1297	1381.7812758695720259093329630	177	2864
-346876923	sigmetrics_0	1293	1272.9408958511950310582255426	178	2252
101378792	snpd_0	1291	1264.3977324142876994644965687	179	3024
-520230032	pdp_0	1286	1283.7080113272123104711095138	180	2659
-1979722446	noms_0	1280	1326.0557423647356880075766601	181	2952
-467654672	icoin_0	1269	1288.9834462039635768509713899	182	2907
792200532	cade_0	1262	1162.6585414592564811376291924	183	1251
1606428828	cp_0	1259	1194.9559120268453083378857179	184	1290
-1398993855	apsec_0	1259	1251.8313699733475879518196905	184	2418
1605839012	ki_0	1258	1117.4389296468351777778221157	185	1791
-1451297899	icdcsw_0	1248	1266.0399855942833430322961049	186	2955
-595721399	webist_0	1242	1243.0387351066787453495715486	187	2496
-1289857676	emeit_0	1241	1207.1352331687163400201334372	188	2923
165121125	crypto_0	1234	1169.5900550413729929085857929	189	1140
-888911749	vts_0	1231	1241.8393713195643900857711313	190	1827
1639466945	kbse_0	1225	1239.7786032909273661260092786	191	2272
1470643704	iciap_0	1224	1184.9299452915668260000876583	192	2360
1605642409	vl_0	1220	1146.6712451260861067007293441	193	1623
-208891942	gcc_0	1219	1264.9840138824229379270034699	194	2634
-1166194714	icchp_0	1217	1262.1578325160105159901640212	195	2163
-1453004114	ispa_0	1206	1241.5545769614664970301388344	196	3233
1519555026	lics_0	1202	1110.8442028493435766708916159	197	1195
-237152304	ideal_0	1195	1174.1048597753674209856769169	198	2521
1851133664	visapp_0	1195	1167.5666247369391921688081459	198	2661
-921352104	ics_0	1191	1167.8569793281288555684204067	199	2337
-128426522	ismir_0	1190	1183.3621912650886892353692768	200	1443
-172126246	grc_0	1187	1140.3108462042392388569468101	201	2115
-530096680	ismvl_0	1185	1087.8262904789510027383040959	202	1165
-1672868343	isscc_0	1185	1782.2574333987683820425703241	202	5840
284109092	iadis_0	1183	1141.1939551382729384879697062	203	2648
-1465721117	networking_0	1181	1190.8839515222859185348040434	204	2688
236543445	icmla_0	1179	1171.8741262710738039383150652	205	2556
1700697833	mascots_0	1178	1152.9464498202564032251465030	206	2312
-1846854460	visualization_0	1177	1221.4419444978092927645589314	207	2159
1645823753	case_0	1173	1233.9963075345171595006858096	208	2697
-1697643526	iui_0	1170	1211.8480879600892030326017224	209	2332
721099616	edbt_0	1167	1193.1711712987946036826655980	210	2351
-128426521	ismis_0	1165	1090.7019640484016078474231338	211	1836
-824981182	IEEEcca_0	1158	1156.3069516456251536929821222	212	2521
-1337088282	esa_0	1158	1145.6887888341300162040606108	212	1744
1081425474	saint_0	1154	1176.2890795627751941521046145	213	2509
-888912144	ats_0	1146	1147.1164503937447851224747010	214	1843
716694238	aaaiss_0	1142	1147.6762316303343474350663977	215	2354
-1275163576	eurocrypt_0	1140	1070.0988751384511360195631988	216	1011
-1740372712	dsd_0	1139	1182.7859902155519223992178344	217	2455
844413860	cata_0	1139	1093.5626202774713535483704992	217	1895
875383190	ppsn_0	1138	1092.1975551378619675972975290	218	1682
1470643706	iciar_0	1127	1105.1127974154230364174591900	219	2282
1928659406	fgit_0	1127	1137.1903889619273685215973910	219	2478
-1588657493	caip_0	1119	1053.6962026351964320596461047	220	2261
807094025	ciss_0	1117	1073.0362018741678606396363682	221	1718
-1320311681	cav_0	1115	1146.5248293699371657611322149	222	1538
-355394627	bibe_0	1113	1210.4780676055182648210887688	223	3129
-888911784	its_0	1113	1141.9511222955591589310947073	223	1847
1605183650	mc_0	1109	1124.8912338710850292069360436	224	1844
521265203	wetice_0	1108	1097.1465060368669293466532080	225	2112
2067024278	ppsc_0	1099	1027.3975051199035748444193967	226	1941
-1046015352	eusflat_0	1097	1021.2985848878335124260354698	227	1483
-120597784	aiccsa_0	1097	1097.7655016590424547743150833	227	2421
-178614244	euc_0	1097	1128.6413821991515760805561876	227	2807
1587843662	hpcn_0	1084	1096.7428339034162092292021205	228	2329
-1971079863	sigcomm_0	1081	1177.2296887745271317492244699	229	2186
1971622073	cccg_0	1079	1022.0123430055756246247839665	230	1242
437802396	f-egc_0	1069	1069.6760154770544369437748015	231	1561
867435179	csie_0	1068	1058.4792970800431270954733303	232	2912
-1963643860	apweb_0	1066	1120.8415494193295509672402291	233	2624
-899725782	gis_0	1065	1122.4436012693520313767831725	234	2096
78188039	isspa_0	1062	1040.2330618093068442026469726	235	2280
-1646626049	haptics_0	1057	1086.8383294973314245481167486	236	1965
-1515482546	hpcc_0	1048	1093.7153150022380578580415901	237	2889
71714651	micai_0	1046	1059.0407628145152789020450601	238	2137
-1691155462	iri_0	1039	1060.3101849869473037051570162	239	2072
51050109	IEEEares_0	1033	1054.1448725263860970091913804	240	2141
158650589	ACISicis_0	1030	1036.7603647848661050413239313	241	2552
-771301822	fsttcs_0	1030	936.8092556843105309142311296	241	1577
-674180306	cocoon_0	1028	975.8324138256673489878965884	242	1700
-1524133329	itcc_0	1024	993.7684500060146303141680605	243	2077
1498184499	pricai_0	1023	971.5120158143240897821818760	244	2056
-980149020	icppw_0	1014	1012.4016313877422503783889903	245	2604
-1987779972	IEEEscc_0	1014	1105.8400304405143061959923780	245	2380
822102232	rtss_0	1014	1016.8091862129539072290511078	245	1627
1661028413	wise_0	1009	1043.3335116674487534522622006	246	2385
775345182	serp_0	1009	980.4226132173691799257125974	246	1920
1173953469	bibm_0	1007	1132.2596662268357691253279764	247	2733
-933803658	dsn_0	1001	1057.6195542183583251288839099	248	2000
373113116	robocup_0	1001	1160.4855764543111766004432035	248	1754
-1740372216	tsd_0	1000	957.0121522279142751338505726	249	1457
1605052589	re_0	999	1021.5552228811978925835088860	250	1583
-57407519	pods_0	991	912.9993986061911975063697909	251	1020
1999022387	spaa_0	990	994.4213260563411014674998227	252	1612
1751825937	dgo_0	989	1125.7673065670109348750103001	253	1502
791889923	mass_0	988	1027.8668861462332577402472500	254	2398
-516138399	ercimdl_0	986	1116.1670264049370873838250231	255	2102
1606166695	ht_0	986	976.3541957940034983130655143	255	1628
-1195833375	pldi_0	981	996.0460440504524849255988639	256	1676
-1446802938	wowmom_0	978	1004.9220956537025469789297043	257	2419
231200333	cluster_0	977	1023.3002285470553591121414982	258	2296
1605183654	ic_0	975	949.6022123829844486094634519	259	2024
-1654311354	ciarp_0	968	937.0258658775662654841858840	260	1744
1542676604	colt_0	962	839.2456470038877095948887435	261	775
1213400809	hpdc_0	960	1042.9525572565899210821697717	262	2428
-1125170747	ro-man_0	951	1026.6418200623988422932617009	263	2242
1545074387	emnlp_0	950	955.3395515678757774282933486	264	1562
625792847	pvm_0	948	916.9692059321394797928694442	265	1564
-1936993682	cars_0	944	1119.4274613139957386594545129	266	2995
610653666	mmm_0	940	967.0077876952686313356816375	267	2178
-1992698574	nems_0	938	1087.2112352219224975824249576	268	2573
1659650856	springsim_0	937	956.8690923374003265680658791	269	2055
-804288817	concur_0	935	843.2606764228727848745503274	270	1024
405983854	corr_0	931	916.1758488588188866858464731	271	1710
-968406271	icn_0	929	921.5793020606257445467941220	272	2140
2032558798	eurocast_0	929	911.1062450577938116249000730	272	1352
1785867781	iiwas_0	927	924.1009903589528170143199771	273	1903
996250051	ifip5-5_0	926	934.1038739124315517888772772	274	1750
1555697451	icsoft_0	921	898.1576620227418477236228379	275	1901
-319608530	mobicom_0	921	1002.5723124193594891028040393	275	2171
560338758	adbis_0	920	873.3665056745528698587138354	276	1538
-1926364193	waim_0	919	972.5130289842842429521572234	277	2098
1605118104	gd_0	914	907.1714994612939817068723419	278	947
1513367892	ssdbm_0	911	936.1771208573009004954122913	279	1741
1192452680	fpga_0	910	951.4814439851749281093093006	280	1950
-104279306	apccas_0	909	928.5309027666896681280300820	281	2213
45172939	pdcat_0	909	914.1761365396836902358923464	281	2074
-27195644	srds_0	906	880.7003781928575012407438428	282	1658
-1531557637	uist_0	904	947.5944034883870757961386193	283	1662
-2096603103	csl_0	898	783.54053218924706333341253074	284	986
-1936636063	micro_0	895	918.2168250080383714060615965	285	1632
-677718817	recomb_0	894	972.0646926457482071139405215	286	1740
1495865452	sigsoft_0	889	890.3496896039942005588486541	287	1545
-205897055	cicling_0	887	851.1068315189869297103745069	288	1676
636080624	fgr_0	886	887.1672034163661791713473913	289	1741
-1975320083	ecir_0	885	878.9855819940394582064854093	290	1483
-1592982530	vcip_0	881	877.0375547008240024129166430	291	1903
378900915	mhci_0	880	939.4475485249556746242764086	292	1973
-257339374	sigdoc_0	878	823.7174111935938138416259166	293	1139
2104102302	cascon_0	877	892.9509311314097946749028082	294	1409
1807530790	fct_0	877	741.49781568009418585175627151	294	1130
-1941007825	icce_0	876	862.9940382697657226577297583	295	1737
1606297769	vr_0	875	942.7782914392708088864644314	296	1987
1605576870	im_0	875	919.2592336628404912610261415	296	1984
638768413	bpm_0	873	933.9793823928983377866253099	297	1543
1979547351	sofsem_0	866	767.96676579816346481347047706	298	1483
1499733512	icumt_0	866	886.4688962251969851784704343	298	2169
1801042792	dft_0	864	863.5218071462099879250077162	299	1350
71714783	iicai_0	863	832.4094769319710557539630813	300	1696
-2126183584	hybrid_0	861	819.3252045437393006638587611	301	1159
-785346375	coco_0	859	760.73132846784653444126537434	302	702
-165650364	usenix_0	855	847.3318007682895033014116526	303	1679
-537707031	icira_0	853	903.9175479419818175139808473	304	2180
1604921512	wg_0	851	772.89267727024651529937855075	305	1080
-1899568981	IEEEicci_0	844	816.7574871572779414728189405	306	1525
1279396971	cisis_0	843	879.0436879580711105756646374	307	1872
1931317243	eacl_0	843	781.79626917313323266615076190	307	1443
-378541540	compcon_0	839	813.1785708300317268931494788	308	1649
2108059455	ic3k_0	839	838.2791691129260621394761660	308	2007
-411660324	fccm_0	837	906.2032467518741301719664383	309	1795
-1228858528	ecbs_0	836	831.1640270710798201575110041	310	1494
-1800976388	rtcsa_0	835	838.1107052534453105543986504	311	1621
1959497913	cscl_0	832	847.0740586587858024941354925	312	1440
1738423785	icica_0	831	818.6908116317113943660033967	313	1799
-1137173781	icwn_0	830	816.4602339277382207146519573	314	1859
1206672459	cimca_0	828	789.83239080094842392055252602	315	1857
-327869717	icwe_0	827	852.3045642840815162114996004	316	1658
817776327	avss_0	826	840.0564654547341113579409256	317	1620
1606297764	kr_0	826	749.91975410945448724513236062	317	933
1605576857	fm_0	826	797.0986770884435064465910592	317	1386
671112596	wimob_0	824	838.5401673519121242935956566	318	2055
-732960024	sspr_0	823	772.99140428978124871283191267	319	1328
802465975	wdag_0	820	792.5032467568004433414608787	320	1025
237983565	ecoopw_0	820	787.14451150763937362592331955	320	1104
-927315559	apn_0	818	725.46361168814202642812491992	321	898
-1958187752	wirtschaftsinformatik_0	817	812.3112280454805695411709662	322	1508
988510612	cse_0	817	865.8734675126363907446624260	322	2399
315291954	icnsc_0	816	812.0082315668647178300769998	323	1967
-178613783	huc_0	815	935.5906504157064284787458215	324	2074
597677473	ncm_0	814	825.6448544286453403727292058	325	2005
-1691155493	hri_0	813	900.0949836141821764485651574	326	1705
704767174	icaisc_0	813	802.2996649365051164601307791	326	1187
595515180	sdm_0	813	819.2606677496662366246026444	326	1573
-904828017	isvlsi_0	811	848.8917863691041420251479626	327	1923
404340111	edoc_0	806	851.8870424000453933481203054	328	1710
-1531270640	ppam_0	803	810.3174708888875686369376640	329	1448
2049838601	icsoc_0	802	880.3113912110910599478822275	330	1794
1159583373	icmi_0	802	860.0919938844965206974924770	330	1871
-1693318150	isi_0	800	853.5363269905645407175464754	331	1615
-1561406375	ecml_0	798	714.66097120635415158921217632	332	1242
403809682	kivs_0	796	744.20928249504862706041491463	333	1251
-1368184851	isorc_0	787	827.0580544004514367922408604	334	1503
595514850	mdm_0	783	810.3979547613608824515740190	335	1792
1538887799	arcs_0	782	762.51238494141488282539470411	336	1593
-995604503	iscis_0	779	773.26624756328129328304328221	337	1645
-718787943	forte_0	777	742.08818160358694961740349365	338	1339
552270106	ACMace_0	769	816.6522047252139028427066448	339	1802
718548347	mswim_0	768	766.95991641335634800932975596	340	1776
-1550019991	socc_0	765	783.82852235002258249698801338	341	1849
-318384901	para_0	765	757.34666906510181176405754795	341	1534
-1666773951	apscc_0	764	784.39931252762183221230762939	342	1987
-718202680	humanoids_0	763	847.5592229688801969534500751	343	1546
722588808	wecwis_0	760	771.83615116580586353723167842	344	1724
1436686715	btw_0	756	726.43069230515431743333652457	345	1230
1848621862	fpt_0	752	778.00890955886129233910371503	346	1608
1619056269	ismb_0	751	849.3309743076528139729752254	347	1876
1626593339	asiacrypt_0	750	730.63421011806407378339829396	348	957
-1742911727	sibgrapi_0	750	747.73619061695081317185244894	348	1226
-1474475992	csreaSAM_0	750	733.00507071072019012210019914	348	1503
382784791	csmr_0	750	747.40792474670567940580009524	348	1292
-336740818	dlog_0	750	692.67091592192392623772319898	348	682
1886463862	codes_0	749	791.19781903234446130534735052	349	1545
632280678	ism_0	749	775.07242352806919393923724375	349	1887
-745702929	csee_0	742	713.42821671079860305858136984	350	1139
-1668856214	dicta_0	741	757.45732498768713293517465604	351	1369
-224638954	secon_0	740	777.37334090620155483117960877	352	1759
1967445645	ipmu_0	737	686.88585709538294883616251525	353	1239
-401539791	eScience_0	736	913.3883270822437193194010353	354	2504
51267660	tacas_0	735	782.54997286179034237665427856	355	1322
1959402958	sebd_0	735	768.39090118783220313624117529	355	851
-1699806574	avi_0	732	744.08658920458721253640693412	356	1499
-1848317235	hipc_0	731	729.49683770317654170652939830	357	1690
-166549363	ifip5-7_0	728	692.74320698253446581457930712	358	1251
335685006	ecoop_0	724	678.72322414727066364585299256	359	1234
1606428844	sp_0	721	747.99866098739320257957758373	360	1313
-1149298505	esws_0	719	741.62306294674085578350007257	361	1485
678567851	icecsys_0	719	760.87328865106549455948286752	361	1948
1210378486	aips_0	712	679.55036318660393429798773074	362	972
-1977349055	acsac_0	711	743.23774723089564744472406085	363	1531
942693862	ismar_0	711	751.91805618160510427603602739	363	1361
857170476	splc_0	711	708.23155294997723931924727470	363	993
-1903882927	assets_0	710	728.41983135197211094363343328	364	1435
-1087384670	wcre_0	708	710.25545367469199959933630206	365	1075
-1339250311	rta_0	706	600.81455670156956979901700655	366	664
722810852	icadl_0	705	706.47659773382332326709552556	367	1355
1332681947	ispan_0	704	681.14631407974606657497250468	368	1573
-1665054726	rsctc_0	701	667.79852017202170073996078747	369	959
-329915964	IEEEpact_0	700	738.32540300580399884426187394	370	1615
-2006438402	icwet_0	700	690.69992354357621058789688724	370	1340
1605839006	ai_0	698	649.76822918367869950968944815	371	1070
-1175129334	models_0	697	749.10693459969604580114854445	372	1217
-213216562	sec_0	696	690.31084857685179073647740144	373	1313
-1853878911	bcshci_0	682	666.26791889599954674290569867	374	1350
-1350803510	iceccs_0	680	695.73250184404038322815360507	375	1474
1795079666	cso_0	679	652.73046006057282415061328320	376	1545
739753359	egov_0	679	683.65661016486989369546343897	376	1091
1822669707	alt_0	678	577.09540178617089618698966097	377	698
764192453	ecal_0	676	624.29144084024720372514208322	378	1025
875382911	ipsn_0	675	769.20629042278328581455466783	379	1554
1534562268	ftcs_0	673	656.59542823495219628363207711	380	1161
-1869264862	lisa_0	672	623.08843724267578923940382876	381	910
-19004542	jcis_0	671	633.98483382389823933965449928	382	1481
-1204246719	asap_0	670	684.92691295341539578110351933	383	1473
-833467608	icnp_0	669	692.80638056158378377245662318	384	1423
1579973037	aied_0	669	699.90701663840845119811930567	384	1157
-478377805	sensys_0	668	836.5900705899024557378734079	385	1772
-1322615809	middleware_0	667	705.79513322591015419227771812	386	1550
1822669672	dlt_0	666	615.75547668623405311130812803	387	701
2004128237	wscg_0	666	632.23034170891976629052635504	387	1354
-787153092	icuimc_0	666	695.40593370559923377684387427	387	1559
-2130412372	iolts_0	663	680.36789995462259735087343741	388	1069
-1177775569	ipcv_0	662	675.92814822969667196522738205	389	1560
630179383	biocomp_0	661	703.34659320296669906947631045	390	1805
971209534	ike_0	661	650.49839136909891407147667979	390	1396
-560488751	ecsqaru_0	661	599.98471497631842640302033113	390	741
-2147309	acivs_0	659	674.88324582310131090774897619	391	1531
-237152289	ideas_0	657	647.73704569278007845388729328	392	1310
1391795798	psb_0	652	732.12454568018949408168907635	393	1775
-665099116	geoinformatics_0	649	709.50965908872063579869903987	394	1560
-1867847087	lcpc_0	649	660.22370445379042143926160103	394	1087
-1575901028	lpar_0	649	608.95328390573602418967396290	394	1000
-1810559703	jisbd_0	649	641.12483646550206252587047926	394	914
49043423	imecs_0	649	608.45460276421839535952147954	394	1366
-1746860939	gvd_0	646	475.12438750321589926870362620	395	594
282538847	xpu_0	646	635.05739859505135917155505744	395	926
-306889450	sitis_0	643	658.42886380078416823312113916	396	1582
-1162351184	rskt_0	636	614.29340690331887603736358963	397	1159
-342210468	vlsi_0	635	639.32099128254843800929891023	398	1605
-1343575854	iva_0	634	664.26255413114934650993436848	399	1094
-899725619	dis_0	634	603.44306381414147886982179171	399	1140
1064296784	patmos_0	632	635.51804497742271008148606500	400	1300
1500025391	iccs_0	631	562.83134795420394438183131654	401	633
-1984079927	icete_0	631	627.50809437182426742011717468	401	1451
-222807016	arith_0	631	557.77357686904868951654735403	401	773
1802819105	ifip5-3_0	629	619.80967018417349734384239781	402	1237
271657238	icdim_0	626	638.91485464761628112302680343	403	1560
1605052588	se_0	623	601.63027716580365160719873842	404	995
-1439757156	dbsec_0	621	598.15492458093426257057007265	405	754
1605183646	ac_0	620	490.15735962566190843726902593	406	808
-1512224676	vrst_0	620	647.06856066633764612630035871	406	1525
-1279645054	IEEEias_0	620	617.12302518085294813294132017	406	1534
349390809	ipccc_0	619	630.64121692282809814544188666	407	1537
-376122155	adma_0	619	620.50367894877545052302360778	407	1539
-1133145522	hpca_0	618	653.93056670064421642682626548	408	1318
1357191999	gcb_0	616	636.09384019214406968546918244	409	1268
-151427737	ibpria_0	616	607.48192350565040935579112023	409	1205
-697244475	icaart_0	612	594.18121312248016347448857112	410	1439
800474823	anss_0	610	588.60430678724337125576978121	411	1193
-1539141447	cicc_0	610	723.04748423504723771484078736	411	2182
1361192304	esorics_0	608	635.02390224453901226326426326	412	1270
-1629869853	ppopp_0	607	650.34818173590988884397400633	413	1453
-422288910	icls_0	607	654.09576532908777164376685326	413	1234
1605970076	cw_0	606	609.00164497728339873300975598	414	1449
1220699021	asplos_0	606	684.68859255779465850574016353	414	1548
-888912210	cts_0	606	605.06961166559561560996043500	414	1366
-698766004	ACMicec_0	605	581.16293836962910589195314983	415	1236
-917026530	sas_0	604	552.12058918932983271935828115	416	829
1035523265	ijcnlp_0	604	596.68115448236145231273158276	416	1212
1425563514	edutainment_0	603	610.61636931885103384208210839	417	1480
638768316	cpm_0	601	568.71635700404346749339916898	418	765
-1552505638	civr_0	601	621.36694399183186664509910551	418	1241
476056705	cisse_0	601	594.52344923615985703317135570	418	1229
-1216638483	wacv_0	600	623.44911567475355011024143997	419	1448
-403817456	acisp_0	600	591.70548856066848885849556749	419	945
-1709082497	aciids_0	599	614.46657276859112409643039443	420	1254
-1358714472	sma_0	598	563.45723118145036750805310633	421	1000
1927921039	esop_0	598	555.54474664167577512740513339	421	902
-1551087489	icst_0	596	598.25665960832348190722973958	422	1138
-296255448	adaEurope_0	596	564.01037627930560943569498053	422	788
-1843991890	iwpc_0	596	581.94773430632127139878184250	422	879
458681006	ispw_0	592	543.18648896926523664096896499	423	750
-1639766088	wiopt_0	592	583.37005762612514840143115806	423	1199
807217426	icdma_0	590	595.68645461941206414824069583	424	1593
-1937266350	riao_0	589	585.13764412393119333929675676	425	1291
371763538	rtas_0	589	621.39693756614698155146307331	425	1156
1081424995	caine_0	588	585.38511504768396954890582446	426	1108
-819097481	aict_0	588	581.76545653914807109467861536	426	1432
-477237248	icfp_0	586	549.81336208929064718796363195	427	761
194860599	csedu_0	586	610.00373363760854946900325684	427	1557
-1019049799	synasc_0	585	571.54118991185301262112027950	428	931
-372016283	iwec_0	583	585.11894829753078549343789932	429	1343
-1102821687	ozchi_0	583	607.61045768435735169200528325	429	1043
-893237160	ivs_0	581	635.83002786636061345471947740	430	1484
1266891377	ectel_0	581	632.30190501245885170472891649	430	1162
120973998	ispd_0	580	550.47765781070694834355072430	431	925
1266945671	uksim_0	579	568.95432464995876354060089075	432	1280
-187264372	uic_0	578	616.50083289978978976105496537	433	1589
-939238456	schule_0	576	508.44739929741271255286147527	434	614
-1311660468	vmv_0	576	562.76712675236862981667423384	434	1141
-1373853815	bda_0	573	530.95362388896850641306222252	435	685
1209075681	prdc_0	572	578.82164561507449202688261999	436	1164
566433779	nabic_0	572	573.39649944198144836905703009	436	1283
-502928563	slp_0	572	496.09288182031705680831318321	436	734
613748231	issta_0	568	574.75591961098900617714136483	437	1040
739015525	iser_0	568	601.03889247990301795001447299	437	1227
-61733240	wads_0	562	543.87156671639106681599551575	438	915
-206479893	agents_0	562	559.10689361753718640682182672	438	1076
-904438599	ichit_0	562	557.44392963010806741842527221	438	1290
2060432845	sigecom_0	562	575.97836847556438435704071111	438	841
345968131	issre_0	561	582.69254461352882916638473905	439	1071
60446744	coopis_0	559	553.30705753572555147531536488	440	1210
-866688168	compsystech_0	558	547.57592984558629120272177235	441	733
1765420160	dawak_0	558	554.92197555115736096038251110	441	1061
650665513	samos_0	557	585.01817781586278575069639471	442	1252
-1732246433	tei_0	556	577.70079877069631221532385456	443	1123
30627410	ddecs_0	556	559.36744087711298671576676881	443	1086
172705768	iccbr_0	551	524.68513302164784538574092773	444	799
1605576874	um_0	551	542.61601767739412855288403920	444	1083
-1287871361	crv_0	549	523.05727819197264852312790094	445	920
1738423803	icics_0	548	556.91270828514598579568027657	446	1202
-14678976	hais_0	547	561.73997418512188338427056860	447	1176
36722183	aaecc_0	547	477.50750896600542215936584423	447	702
1703722347	safecomp_0	546	573.32144570910080369843133808	448	1164
-2090114973	apl_0	545	502.68701783607779771879742642	449	484
1357192557	icb_0	545	595.28159996705179753503057112	449	1150
1202771597	ipmi_0	543	577.43444081841053639358656685	450	1264
-1309257701	sigada_0	542	502.75264816863685682328490055	451	690
-750808529	ipco_0	541	504.01610646219022834522507278	452	666
-671937341	socialcom_0	541	589.50388369258074565169576372	452	1448
-956095028	group_0	541	518.61774325095016487079777099	452	1022
-1285330043	icvgip_0	540	534.02389104341392536468738730	453	1038
-109619255	icebe_0	539	562.61788603067626152758580345	454	1336
-1851136878	inforsid_0	539	498.77980216819456778817997514	454	849
1391795139	csb_0	536	568.75840395437024265253567047	455	1390
372543607	aici_0	536	527.34002779182469253919471325	455	1382
767325614	rsfdgrc_0	535	509.78894351491739887651302237	456	970
666358585	mir_0	534	570.96278892165585843334415073	457	1247
1519555398	pics_0	534	509.67719120186622631253362376	457	902
-754836757	icwl_0	534	550.57761681609036211366836572	457	1198
86973163	iswc_0	534	564.75271694758986659731411815	457	1120
1126977963	icycs_0	534	548.14139794791078199174129180	457	1488
-1371690995	nca_0	532	537.02043015203456387916524013	458	1216
-58303218	tphol_0	532	466.82710272132750785954501789	458	550
1619133033	aiia_0	532	516.16195544820134156109862303	458	887
-327336916	latin_0	531	507.69863107318765043666997061	459	961
-21036346	nbis_0	530	546.82824740309952395748411707	460	1025
1178099221	semco_0	530	555.52484591537098246004716372	460	1322
1599603803	scia_0	530	529.07106401236649994875563098	460	1089
2056341538	lssc_0	529	518.68344347100519347960394120	461	807
-1740411015	si3d_0	529	537.16348154135781692464038159	461	1054
-1371690798	ica_0	528	521.45536610416508229364475660	462	845
1453292116	icicic_0	528	507.54195416609415279697426257	462	1329
-206223823	bncod_0	525	491.68642014803486818516494130	463	947
-775534589	mmsp_0	525	564.98608349199437240305742932	463	1271
759511027	isads_0	525	519.45242566045186509409860333	463	1172
1293888937	parco_0	524	537.22165861291940127084201634	464	1363
1602615568	ACMdis_0	524	550.05519988441069239302956194	464	1237
1249772825	qsic_0	523	536.74824890636459772726224033	465	1152
328750576	csee2_0	523	458.46392946933320299874269406	465	1100
1642791405	epia_0	521	485.57646469077582646595707397	466	875
620436465	jfplc_0	521	437.55709715905008524784548482	466	547
-1153235320	wkdd_0	519	482.99627914651281884942863497	467	1162
-121491977	icwsm_0	517	556.60731116598923032058239864	468	1160
828524473	kesamsta_0	514	503.52521120284291517491643003	469	1040
-1114909483	aime_0	514	576.58302137807424005777743538	469	1322
850099006	i3e_0	512	488.39823208372016343025325301	470	1105
602003213	ram_0	512	513.73593813952104373379677177	470	1298
364572298	csfw_0	511	474.16534735529666066207008270	471	569
1761180288	spieSR_0	511	497.42505053235950890877099077	471	980
1266776670	icitst_0	509	521.23663081498608550041011420	472	1225
337463263	ijcci_0	508	496.44661631853139058395226933	473	1191
-933803395	msn_0	507	518.57780726142970269680883362	474	1309
1370168553	mmb_0	507	446.67356462061310457618179603	474	752
1062421589	services_0	506	551.65541381910386487437507502	475	1507
308627477	sbcci_0	505	489.60640908333307570253379371	476	951
-749979676	icail_0	505	495.73300748543603485032267840	476	642
975534778	mie_0	505	568.07914422477527140547011448	476	1434
-494911949	spire_0	505	490.64577131703985485220273427	476	805
-1736572336	cgi_0	504	490.88997624079509597054884429	477	1128
-107846771	approx_0	504	475.82656205030808643698687694	477	727
1645824158	hase_0	503	500.81224092444469452921049369	478	1050
-811582025	ifip7_0	503	438.04314585078576072155951797	478	801
1445337994	spw_0	501	410.45398274889350643611870634	479	312
-292283765	elpub_0	500	463.62150314955445023600008077	480	744
-1373853486	ida_0	499	500.93475207443583419039865505	481	1110
-814915634	icegov_0	498	475.36800112969701274259378572	482	736
-1350063852	wia_0	498	461.76228531960607688771154017	482	623
1478583180	appinf_0	498	479.38820269073762067038275810	482	1163
1176300821	wsks_0	498	500.31280563032211069547070416	482	928
622430852	graphicsinterface_0	497	486.90958646084278637132461891	483	975
1149265051	icga_0	497	433.04360699075035616119525827	483	673
-768866961	nldb_0	496	480.44689810916898061788806723	484	937
-483464402	rsp_0	494	518.42242140122831374352725095	485	1163
1206637100	acri_0	494	474.17179051955119091051344113	485	780
1613974246	wine_0	493	490.27905114399468336366269867	486	820
-2133368834	fdl_0	493	498.31746264113110658027523871	486	992
-935568371	aimsa_0	493	458.13104748354260827393753253	486	898
1605183641	fc_0	493	480.79661007418799939913810857	486	784
1584426623	IEEEcgiv_0	493	481.72584255443649616962002902	486	998
984185530	mue_0	493	507.41151013601858113657988208	486	1278
1596012812	icfem_0	492	479.28400947611701084629424244	487	918
-327035874	sera_0	492	495.80107399980094293837353455	487	1031
-737542800	asunam_0	491	510.08111582112009968697316958	488	1154
-1977571021	swat_0	489	467.85568742791837599631053497	489	802
-619713680	p2p_0	487	491.81526826423342231385987064	490	1035
1766768566	broadnets_0	484	486.76253140717371028204450243	491	1089
-1082523089	grid_0	484	533.77271507807932445376933050	491	1339
275807013	delfi_0	484	501.54142652935512398766033237	491	862
-1907870270	grapp_0	483	474.17572569972478783167328322	492	1145
975534484	cie_0	483	405.03014246586850361817315121	492	555
306595807	iccci_0	483	489.10159856693919234037219815	492	927
-860465834	secrypt_0	483	457.29064294144972934000497855	492	1007
344363162	dgci_0	482	434.32319575949106198740855775	493	543
1438849732	isw_0	480	486.19671942699319774911503777	494	1022
-1399001565	eurogp_0	478	468.77207746724779298971004953	495	646
129618768	doceng_0	477	478.88952846543306131455591278	496	824
1216968824	asiams_0	477	462.47478954838361146784909900	496	1052
1862136250	ISCApdcs_0	475	464.00281896392446877177251678	497	1038
-15638014	iberamia_0	475	458.94995414526718140813915436	497	1099
982204112	prima_0	473	466.75926074434116299357397576	498	919
-1155840247	cnsr_0	473	466.33272183130685499959912804	498	1012
988510577	fse_0	473	456.67296897140149583685797945	498	511
-1658636253	swarm_0	472	476.46500502155513042350718267	499	1214
-2109579363	gil_0	470	462.12213919162463469927854131	500	672
-1937048421	3dim_0	469	462.10459342696108054554260138	501	1006
1844368651	colcom_0	469	501.38069171374446129527775319	501	1160
-1482407843	mobihoc_0	468	479.18449460576947835067721158	502	1058
-995604526	iscid_0	468	432.58105021852445990920413306	502	1173
-496440499	sip_0	467	450.57507549279148268955382957	503	1125
-191589647	pkc_0	466	457.25945181865180554620397495	504	644
1560079205	gfkl_0	465	449.02246566291322033866452458	505	721
-328212360	intenv_0	464	465.99027290610336133357127872	506	980
-1666942388	iwinac_0	461	457.28558604347875413973449462	507	916
-1040232409	sigcpr_0	461	443.89196060573601908137766367	507	618
-1802745959	wicsa_0	460	479.86568187151945197196319914	508	892
-120396605	ica3pp_0	459	478.63876549660500065197454613	509	1190
91901995	sigite_0	459	437.41563121444372355668076832	509	666
-777762631	sosp_0	459	533.56966564298467389470656494	509	1056
-1528547836	amast_0	459	408.33766293311454328895604308	509	711
-167800870	gpc_0	459	479.35000317210574420986672849	509	1303
-502928761	ilp_0	457	428.16134332578632887596938735	510	532
283890077	scalespace_0	456	423.76236897126630028551115444	511	652
-1305246063	apnoms_0	456	475.18799608922149271188725394	511	1127
-1714944832	smi_0	455	440.75716486616896338310669105	512	830
1925781391	cibcb_0	454	471.44087215617393454440868458	513	1032
-167800509	npc_0	453	458.50318182280892804578208049	514	1236
1283546672	fossacs_0	453	434.76951245122427034509541158	514	650
1890256586	icdt_0	452	414.27432067113367891515906167	515	634
-834301114	pact_0	452	449.39668091641669095781707146	515	843
-779433578	sigopsE_0	452	430.76798118459474207381418679	515	789
1605183644	cc_0	452	425.79387323847037402686522457	515	805
-1464763465	jelia_0	451	406.80066311133987657275370155	516	620
1606363302	iq_0	451	432.12173948239386209049345391	516	651
613419180	reconfig_0	451	478.28239575867201340324679865	516	1133
-1606256145	ches_0	451	470.99904390619341579332453311	516	795
-897562896	ahs_0	450	483.75506671228652416449071486	517	933
-2134213843	delta_0	450	453.84284474979011488498256683	517	1058
-1542437111	cost_0	449	448.46549810744490380915261793	518	841
1872714381	profes_0	449	447.01546298652295189389313462	518	816
1536004060	fgcn_0	447	462.30494966358971727992965982	519	1218
-144557799	icfhr_0	446	449.25195649687567137829284486	520	821
-412244283	ekaw_0	444	444.76151055559604133929518960	521	845
1734352088	ispdc_0	444	458.50360546382291584628403360	521	1024
85936000	vrcai_0	444	465.91428313710411951255180188	521	1168
966175810	eurodac_0	444	421.46601320728881281740508712	521	934
-1596848380	spdp_0	444	398.00750612187278769372590458	521	839
-921352236	mcs_0	442	417.51044141818676714037900968	522	656
1645823532	fase_0	442	457.79586069570207624503689430	522	918
-1691093084	candc_0	440	409.80824879392332788442966399	523	775
-61732895	pads_0	440	428.68389034589029438354875641	523	688
-1287710709	nordichi_0	437	436.78762049520642677764103980	524	977
1210378984	sips_0	437	461.51212374017518108363019322	524	1022
-726914446	ecrts_0	436	427.01266851008779783945581745	525	723
1491649689	agiledc_0	436	422.97359325951787781501042572	525	643
-1114908888	time_0	436	395.90649894488029116140031745	525	639
-1953835726	ntms_0	435	462.37055208075283187025129424	526	1241
-1502132039	saso_0	434	475.24045712451035477833662359	527	998
1696987294	lpnmr_0	433	410.78262536494047395668841657	528	472
-2118229425	uml_0	433	418.02014096202300865840793454	528	747
1605576872	wm_0	433	419.56649689163429167201302076	528	677
-917027123	das_0	433	445.99221910090785734060379675	528	791
1811856825	sat_0	433	422.05565178072507036319866801	528	509
-1429336981	cases_0	433	449.87754381504770110295093871	528	1027
36504204	dmin_0	432	417.42308167797782770837544310	529	970
-206223383	incos_0	432	437.81751482373738206096850798	529	928
-403816981	icisc_0	431	429.61441266138742245483881372	530	849
1600608412	opodis_0	430	427.15758907166709215721290434	531	763
-1807217440	ershov_0	430	395.92172512143360438848177774	531	658
1529642077	europlop_0	429	370.65613357797910485183257228	532	379
-1284320518	sirocco_0	429	417.11823323982316285287768089	532	581
-880644631	cloudcom_0	426	472.94606597996219663723792164	533	1300
-195915256	imc_0	426	485.01625575519967737663135710	533	908
621467238	ihm_0	425	400.27307551702901023600850567	534	679
-747776216	tamc_0	425	392.19494194443531934253451137	534	754
403559953	momm_0	425	436.73701660789675007908520706	534	1021
-1960507826	mldm_0	424	417.94736980293424623543996556	535	935
1604921519	pg_0	424	404.57589804330103140296910211	535	845
529432093	fuzzy_0	422	375.12883664517742957218503095	536	702
1604987036	cf_0	422	444.64133639969029008823715447	536	1157
201278844	ewcbr_0	421	398.05469159436145348129896821	537	604
-1969738707	aswec_0	420	409.16283972206249982981654560	538	748
47501903	dsrt_0	418	418.08425232482143661411610704	539	802
1606166701	rt_0	417	417.04763530648918617612585569	540	675
2138333898	cig_0	417	422.25163131272834424744532796	540	735
-2117969953	icess_0	414	430.69446616317958329421796108	541	1170
1807531251	ict_0	412	427.55836184342322146854444504	542	1115
-330901875	irma_0	411	372.39924388199104599352981832	543	735
1927223118	cadgraphics_0	411	407.47267671936971037266942688	543	992
1527632648	bic-ta_0	411	421.52822161082149450677812685	543	1042
1923423570	wabi_0	410	441.54822517787865905032616761	544	899
-170453649	3dpvt_0	410	406.24362818761975468652373705	544	915
632280186	esm_0	410	365.71500475307909667812807327	544	813
999937437	paciia_0	409	411.47021754728622051241739812	545	1106
642016463	lopstr_0	406	389.45588099864535997096597284	546	502
187028715	recsys_0	405	399.11662408739695623683493022	547	773
1631705176	simulationstechnik_0	404	362.81666535614455164261422982	548	496
-1441788409	icsea_0	403	402.09993716424450194096841125	549	875
356658607	parle_0	403	366.98908271462332312946514926	549	786
-908376336	ams_0	402	405.39718315325922164476570504	550	741
1574964455	emsoft_0	402	418.28235299109348322260905518	550	858
1507343382	asian_0	400	376.36794280399106423162341806	551	875
-416426479	mbmv_0	399	397.56549624504318997955993959	552	595
-395871387	icec_0	398	379.46440502997856674235725399	553	839
-1921789396	airs_0	397	406.84793373360858741644392643	554	939
-29284373	isola_0	397	429.37740898783330675620292138	554	950
463226843	incdm_0	396	401.32183683860990069236304599	555	879
759867699	seal_0	396	386.42764533376627555201842204	555	873
-536639806	conext_0	395	427.23267460976544457517658782	556	997
-899725553	bis_0	394	407.24733802238076936127246400	557	820
-1290033755	msv_0	394	374.91858710177568127068140927	557	875
2057448965	iswcs_0	394	412.28967457395698051800631466	557	938
-2006439000	ecweb_0	393	405.72962344880258688387795953	558	935
-1487932847	indocrypt_0	393	379.98320172837536645185728338	558	656
1604921496	gg_0	392	349.99717892067662799949061781	559	382
382885215	mammo_0	392	453.44787846782224585228687642	559	971
-1964896757	iasam_0	391	410.41423020884066553280766024	560	944
178863201	criwg_0	390	399.84282341150817610449700672	561	708
2111673127	eurosim_0	389	365.77234315169539739311979866	562	852
-526718689	agp_0	388	345.93099813080936282058526085	563	477
-731948884	premi_0	387	377.50663228761467999925954477	564	785
-211054432	adc_0	387	353.10852796065482486718248484	564	630
746814309	ieem_0	385	375.94933653034978422149408380	565	942
-811582021	ifip3_0	384	388.28008830585637170036479321	566	722
-725161019	pepm_0	384	336.44458893030211141707069087	566	528
1976781234	ccnc_0	384	418.64281683610564415246267759	566	1099
-1080908119	rivf_0	383	385.99155819911131000517580235	567	842
740510504	icns_0	383	385.85854528263908440671836866	567	1037
-1849932213	ersa_0	383	380.43403100706484509868139791	567	797
1773452720	emo_0	382	375.92716042985556147191649672	568	660
-1934229981	iwqos_0	381	388.98013665878943137651825889	569	913
641398174	simvis_0	381	360.37602083031043234654817236	569	603
-1945237880	wsdm_0	381	412.88895666509784055996426312	569	849
-287381586	csreaESA_0	381	378.02100745460799471132764692	569	926
34553565	psivt_0	381	387.35746503031770720652380513	569	986
-2001426183	icat_0	379	388.30727693630801311852964107	570	1040
-574991018	sacrypt_0	378	365.74399340739253166262810199	571	580
2028160746	dasc_0	377	397.13644970859038310800304788	572	1087
-10353881	oois_0	377	343.33217954534815562318819331	572	723
-1409822272	tapsoft_0	376	318.20788662002359417890638962	573	591
1613045559	ieeevast_0	375	468.13357823893252397786974927	574	942
-1104590787	wism_0	375	375.23692024610032298448399841	574	1009
2023835335	acsc_0	375	357.39939853985887338940316970	574	648
783644977	esem_0	374	404.32647240291798496264606677	575	712
1277265745	imaging_0	374	346.71159829804705144701332780	575	443
-908376468	ems_0	374	380.35636410217982313930048442	575	944
-1854942131	ieeehpcs_0	373	380.92461577286418589549798427	576	971
-765609118	ants_0	373	336.94909448581591218876708792	576	466
215667904	iscsct_0	372	355.63624713953547653711046604	577	1008
1666053011	acmidc_0	372	375.90733041472899165442932617	577	760
-1525774629	conpar_0	371	324.72500152829913010181289151	578	680
63587749	fmcad_0	371	382.60887478194270557655483040	578	656
-888911551	pts_0	371	387.00023212297282265414760287	578	646
1691165124	nossdav_0	371	368.39224121765514446984536135	578	802
1495699420	fecs_0	371	361.89310215897842599085051546	578	663
-745936650	aipr_0	370	365.09374084332979394396216802	579	739
1231856858	cdve_0	370	384.94609672198264323214582951	579	716
-864693153	vecpar_0	370	357.20275852927953527740036037	579	822
202429638	imcsit_0	369	376.51257293235288225385016309	580	803
462707968	prolamat_0	367	356.37783363973941651771650798	581	795
-811582016	ifip8_0	366	335.29509459026995347668574708	582	726
2110328624	imsccs_0	364	370.99622729582619588557252500	583	862
-367117213	csise_0	364	330.04905457428637642504286914	583	805
918445055	aamas_0	364	396.43457767212562615947041104	583	876
-1317742716	policy_0	363	403.80951039055902459580818061	584	858
353014319	icci_0	363	313.48415306820805499912874534	584	586
-1877915521	imsa_0	363	351.52246432332667293962249902	584	890
-777762755	wosp_0	361	376.42396929241816164782262267	585	726
657707965	imr_0	360	335.77266418641007147354237802	586	517
-1272693335	petra_0	360	395.49860758039889188284204062	586	893
1605904542	ah_0	360	336.75140808856807067930044738	586	720
1357192228	bcb_0	360	400.64537550929564184639877525	586	1068
-1522542998	vrml_0	359	360.29958939696977985393509941	587	781
-1166015895	acii_0	359	368.90251521908875317614128136	587	809
-201967398	paams_0	359	380.80759578135864335509950714	587	864
838056837	dbta_0	357	332.54071910966263409227939501	588	887
-136553894	IEEEcloud_0	357	402.36080728095332018754387120	588	1053
1606297760	or_0	357	342.48861666371568299990648728	588	606
-777279398	jsai_0	357	339.24563924372257945149189460	588	631
1597572187	sbia_0	357	318.37626422218825795567549661	588	622
-1008841572	softerg_0	356	320.12833298558076814271665142	589	481
-1555412617	qest_0	356	356.25715396891386279904639573	589	585
-233226775	isita_0	356	347.05462223087969211915181667	589	694
1289632359	enter_0	355	369.18258150658031231162583893	590	564
439412910	conielecomp_0	354	356.70286678148918969194569432	591	861
2077289134	ispe_0	354	346.48356713681405831113829744	591	800
-1558670801	iccc_0	353	329.57793896892477125678729471	592	611
-1536270396	icetet_0	352	350.99277531186275057213875688	593	831
-886748929	rss_0	352	358.19720234787418700150575857	593	765
-899725224	iis_0	351	335.83820101692122713496716769	594	507
1599603371	ccia_0	351	357.67576646693554422909781176	594	610
-1350064278	aia_0	350	338.79307308024299705350110165	595	842
-355173692	aplas_0	349	325.34597273769343010938187664	596	579
-1339250478	ita_0	349	343.63374931772284999118974750	596	685
1605904550	ih_0	349	344.21493120309601419747934407	596	595
-1451101301	icdcit_0	349	326.42817284103047688646281541	596	741
-1376016108	wea_0	349	348.34031459206428845085854511	596	722
-189427684	ejc_0	348	340.75840341028838638610789486	597	473
1610557719	icdcn_0	348	350.68962708294601010024453419	597	770
-2103361581	fedcsis_0	348	357.38122174750464622045683315	597	802
-1071587357	lctrts_0	348	370.60373701591005525449779906	597	837
799143269	icmens_0	348	345.56986466378225195692048787	597	823
-1270995344	dcoss_0	348	386.51003845024567494197279412	597	948
374056614	fqas_0	347	337.95228379146037192558645354	598	677
-791573608	mobisys_0	347	424.92951804874003014583763311	598	1036
953908096	wce_0	347	334.55132100693130966781001998	598	786
-1727920925	pci_0	346	357.65249846443637817984625185	599	804
-819269574	sefm_0	345	337.27843178106301164312438170	600	729
3704521	csndsp_0	344	365.70442622204864969578224573	601	864
844414141	lata_0	344	329.38783746236108462472283738	601	592
203494815	comsware_0	343	361.11232848252578332684472654	602	938
1538298694	pdcn_0	343	330.49384520759905733981633390	602	837
1507343248	esiat_0	343	339.51011440446213744601503953	602	876
1491374044	fgcs_0	343	318.07425926636386702194770370	602	604
1996322236	csreaEEE_0	342	331.85317950939935063636606635	603	711
1423453340	words_0	342	340.23833950684540479584845689	603	659
-826135742	ctrsa_0	342	336.06631768300000010425318935	603	574
335169068	bwcca_0	342	356.15874840524932144716221801	603	758
-19004294	rcis_0	342	347.24650226036946309706155135	603	754
292050901	iceei_0	341	353.04504945910342395152777100	604	782
2134009146	skg_0	341	347.51314924587217256084789641	604	884
1388523530	tabletop_0	341	375.88755883369971750308455744	604	792
-1955867088	lsms_0	341	346.00520111797575361348270091	604	911
-809785037	scai_0	341	287.17190767223922301292463524	604	540
-314816825	acsd_0	340	342.11240356378117558373911162	605	627
-1558670743	sccc_0	340	330.31804717336289334754857288	605	744
-186850500	diagrams_0	340	323.10161918963826759094062393	605	465
-75660423	simutools_0	340	359.09241051395147692881096602	605	935
-208891283	tcc_0	339	336.05998587762315204743840837	606	373
628838424	sigmap_0	338	346.61280623603529591824274352	607	877
1573497081	icac_0	337	382.76906227316055280788707191	608	900
1970204201	bife_0	337	297.20387396530767315997478773	608	697
-1114909390	nime_0	336	302.36437549977174678755750625	609	480
-111597314	hldvt_0	336	338.59884466411371958399258641	609	678
1820507019	amt_0	336	337.57044345375560157942068294	609	825
1793680982	digra_0	335	304.95824375299685515437021363	610	448
-612034732	avbpa_0	335	330.95055794657275431460307623	610	681
86293720	wmte_0	334	345.73738582171886967644645546	611	713
-896867054	informatiktage_0	334	258.48489863047001638116236625	611	453
-1898720226	sbrn_0	333	317.23768310010014480085836004	612	605
-806877494	iwdw_0	333	320.36827226793933255104388289	612	650
494227411	async_0	333	346.52695801943845276420204586	612	542
-1983356870	anlp_0	332	315.09629275346211778251310181	613	649
-49337534	coria_0	332	301.71090974744553005304210192	613	491
2003817004	asru_0	331	338.19153027182342709041254258	614	697
-1596848159	ppdp_0	331	311.92927583289035869575300847	614	555
2037425304	atva_0	330	337.13367451430235130196627634	615	694
-1714945390	ami_0	330	380.16429842191571605495671858	615	904
-2140476500	tableaux_0	330	277.28150948476065812139365508	615	348
-172126048	arc_0	330	346.99229625309302981190793735	615	839
-679469984	mipro_0	330	332.22064783367148362598692281	615	807
819609313	plilp_0	330	280.96825544809262801552370400	615	495
-1740372119	ssd_0	328	324.86859745776543393734135772	616	616
-883628868	icaris_0	328	326.97994090527599971235818264	616	539
63588224	vmcai_0	328	307.71245110152650703151184029	616	532
-1647302427	mobiquitous_0	328	350.64093233851516899410517393	616	970
-860367612	socpar_0	328	332.49318077624201313734983645	616	852
1605904559	ph_0	327	381.92505406907060245640481034	617	1080
-738214572	setn_0	327	314.55106384306398871505515762	617	617
-1433974811	iccvw_0	327	342.56869158050184483443047071	617	902
-463605991	RelMiCS_0	327	300.64583212839443245184397786	617	281
-1682884419	pearl_0	326	302.35151893370768264200085621	618	460
988510906	mse_0	326	317.98829048569667707526282986	618	773
-1884469187	wasa_0	326	344.91952787893086284870249583	618	828
-174288802	csc_0	326	299.92735729973152231089217751	618	586
740510064	acns_0	325	335.26488936192847547112530339	619	726
-780943421	icon_0	325	326.11769493867718451958202731	619	836
1513266552	icannga_0	325	324.62929589740094025041610894	619	724
827964977	pstv_0	324	289.45729548332118230959899916	620	484
-809785500	dcai_0	323	339.33430063206408820806954669	621	836
1894672319	icgse_0	321	337.55867882341775513767813576	622	536
1822670265	slt_0	321	356.28151492398684497042765828	622	802
-908376371	dms_0	321	326.55204129051222123725429262	622	660
2051934211	iconference_0	319	307.25651234525564079629863858	623	618
-886749228	mss_0	319	357.26574254511607479750524193	623	870
751621533	paclic_0	318	301.45722990294336498101508251	624	592
-303181202	cira_0	317	315.21779648785262770619479924	625	814
-19004507	mcis_0	317	306.39950619536881571601897457	625	603
706014675	colognetwente_0	317	291.30643936542843695488757590	625	512
-904438606	ichim_0	316	305.44685669535595924327645540	626	515
210162460	cicsyn_0	316	320.08435958861556762734478572	626	818
-1632142491	ices_0	316	328.26943125546215383896605498	626	537
-491106579	coordination_0	316	299.70431653879775097171355642	626	535
-1360877753	dna_0	316	335.96700617113920318817260456	626	466
-1663861915	inex_0	315	325.88453659678202732655297372	627	411
-288173648	etra_0	315	324.76456592430176298120351044	627	631
-886748898	sss_0	314	315.23066537002946699884420651	628	527
828626047	tark_0	313	280.34084996165373591762489373	629	348
-1367365619	naa_0	312	286.15072467999418896200365401	630	450
-1117059974	raid_0	312	333.09590510300932772629715576	630	711
1751825906	cgo_0	310	335.42421021728137742819393385	631	727
-1578758449	visual_0	310	302.77555936422711542671401626	631	706
-2106413700	sbac-pad_0	309	328.12041889108101851561214920	632	822
1267459198	wiamis_0	309	307.40845064919544185340076989	632	729
2062290038	cason_0	308	315.20135703115234787194149443	633	747
1019544473	medinfo_0	308	355.76515130758968095806448985	633	1069
-1954990094	icapr_0	308	290.35134082523766024126585306	633	716
2036667398	parelec_0	308	300.06237566963102781359598287	633	549
1043304187	ifip6-8_0	308	301.66709442244332832309720461	633	752
2043365063	aisc_0	307	274.46163170542667858293063678	634	447
1775123945	isica_0	306	297.63447705787386691756717835	635	714
-886749390	oss_0	306	315.61480606127074108071192818	635	482
-1941008389	ecce_0	306	300.59306579808830954445175775	635	614
1905212445	aiide_0	306	319.36353570982898844048309864	635	549
1254624368	cosit_0	306	271.85815213440753065820976350	635	396
681497138	drr_0	305	305.55339030717757950129788230	636	511
1147822819	apgv_0	305	323.93265420928639202200911782	636	599
536475044	semcco_0	304	305.57597965360803387959762914	637	618
1605642395	dl_0	304	310.50465275882890093526553687	637	624
746971940	cpaior_0	303	295.43708905451920303641739709	638	437
943730050	comsnets_0	302	329.11364097661112008518724099	639	835
783550212	sede_0	301	293.36145960417197701257256145	640	624
-501006809	ssiri_0	301	312.31070145623917617587618625	640	756
807405347	ride_0	300	295.85756816315624534363325487	641	671
-888912276	ets_0	300	326.10309481717951071502163581	641	673
